company_id,concept,statement,normalized_label,is_abstract,is_global,abstract_concept,parent_concept,description,unit,weight
5,us-gaap:CostOfGoodsAndServicesSold,Income Statement,Cost of goods and services,False,False,,,,usd,
2,us-gaap:IncomeTaxesPaidNet,Cash Flow Statement,Cash paid for income taxes,False,False,,,,usd,
2,us-gaap:IncomeTaxesPaid,Cash Flow Statement,Cash paid for income taxes,False,False,,,,usd,
0,us-gaap:LiabilitiesNoncurrent,Balance Sheet,Total Non Current Liabilities,False,True,us-gaap:LiabilitiesNoncurrentAbstract,us-gaap:Liabilities,,usd,1
0,us-gaap:OperatingLeaseLiabilityCurrent,Balance Sheet,"Operating lease liabilities, current",False,True,us-gaap:LiabilitiesCurrentAbstract,us-gaap:LiabilitiesCurrent,,usd,1.0
0,us-gaap:LongTermDebtAndCapitalLeaseObligations,Balance Sheet,Long-term Debt,False,True,us-gaap:LiabilitiesNoncurrentAbstract,us-gaap:LiabilitiesNoncurrent,,usd,1
0,us-gaap:AccruedIncomeTaxesNoncurrent,Balance Sheet,"Income taxes payable, non-current",False,True,us-gaap:LiabilitiesNoncurrentAbstract,us-gaap:LiabilitiesNoncurrent,,usd,1
0,us-gaap:ContractWithCustomerLiabilityNoncurrent,Balance Sheet,Deferred Revenue Non-current,False,True,us-gaap:LiabilitiesNoncurrentAbstract,us-gaap:LiabilitiesNoncurrent,,usd,1
0,us-gaap:OperatingLeaseLiabilityNoncurrent,Balance Sheet,Operating lease liabilities,False,True,us-gaap:LiabilitiesNoncurrentAbstract,us-gaap:LiabilitiesNoncurrent,,usd,1
0,us-gaap:OtherLiabilitiesNoncurrent,Balance Sheet,Other Non Current Liabilities,False,True,us-gaap:LiabilitiesNoncurrentAbstract,us-gaap:LiabilitiesNoncurrent,,usd,1
0,us-gaap:LiabilitiesNoncurrentAbstract,Balance Sheet,Non-current Liabilities,True,True,us-gaap:LiabilitiesAndStockholdersEquityAbstract,,,,
0,us-gaap:OperatingLeaseRightOfUseAsset,Balance Sheet,Operating lease assets,False,True,us-gaap:AssetsNoncurrentAbstract,us-gaap:AssetsNoncurrent,,usd,1
0,us-gaap:DeferredIncomeTaxAssetsNet,Balance Sheet,Deferred income taxes,False,True,us-gaap:AssetsNoncurrentAbstract,us-gaap:AssetsNoncurrent,,usd,1
0,us-gaap:OtherLongTermInvestments,Balance Sheet,Non-marketable securities,False,True,us-gaap:AssetsNoncurrentAbstract,us-gaap:AssetsNoncurrent,,usd,1
0,us-gaap:NetIncomeLoss,Income Statement,Net Income,False,True,,,,usd,
0,us-gaap:NetIncomeLoss,Comprehensive Income,Net Income,False,True,,,,usd,
0,us-gaap:ProfitLoss,Income Statement,Net Income,False,True,,,,usd,
0,us-gaap:IncomeLossFromContinuingOperationsAfterIncomeTaxes,Income Statement,Net Income,False,True,,,,usd,
0,us-gaap:IncomeLossFromContinuingOperationsBeforeIncomeTaxesExtraordinaryItemsNoncontrollingInterest,Income Statement,Income Before Tax from Continuing Operations,False,True,,,,usd,
0,us-gaap:IncomeLossFromContinuingOperationsBeforeIncomeTaxesMinorityInterestAndIncomeLossFromEquityMethodInvestments,Income Statement,Income Before Tax from Continuing Operations,False,True,,,,usd,
0,us-gaap:CashAndCashEquivalentsAtCarryingValue,Balance Sheet,Cash and Cash Equivalents,False,True,us-gaap:AssetsCurrentAbstract,us-gaap:AssetsCurrent,,usd,1.0
0,us-gaap:CashAndCashEquivalentsAtCarryingValue,Cash Flow Statement,Cash and Cash Equivalents,False,True,,,Same BS cash stock when tagged on CFS; do not treat as a flow,usd,
0,us-gaap:Cash,Balance Sheet,Cash and Cash Equivalents,False,True,us-gaap:AssetsCurrentAbstract,us-gaap:AssetsCurrent,,usd,1.0
0,us-gaap:CashEquivalentsAtCarryingValue,Balance Sheet,Cash and Cash Equivalents,False,True,us-gaap:AssetsCurrentAbstract,us-gaap:AssetsCurrent,,usd,1.0
0,us-gaap:Assets,Balance Sheet,Total Assets,False,True,,,,usd,
0,us-gaap:AssetsTotal,Balance Sheet,Total Assets,False,True,,,,usd,
0,us-gaap:Liabilities,Balance Sheet,Total Liabilities,False,True,,us-gaap:LiabilitiesAndStockholdersEquity,,usd,1.0
0,us-gaap:LiabilitiesTotal,Balance Sheet,Total Liabilities,False,True,,us-gaap:LiabilitiesAndStockholdersEquity,,usd,1.0
0,us-gaap:AccruedLiabilities,Balance Sheet,Accrued Liabilities,False,True,,,,usd,
0,us-gaap:AccruedLiabilitiesCurrent,Balance Sheet,Accrued Liabilities,False,True,us-gaap:LiabilitiesCurrentAbstract,us-gaap:LiabilitiesCurrent,,usd,1.0
0,us-gaap:StockholdersEquityIncludingPortionAttributableToNoncontrollingInterest,Balance Sheet,Total Equity including NCI,False,True,,us-gaap:LiabilitiesAndStockholdersEquity,Inclusive equity subtotal; distinct from Total Equity to avoid dedup drop,usd,1.0
0,us-gaap:Equity,Balance Sheet,Total Equity,False,True,,us-gaap:StockholdersEquityIncludingPortionAttributableToNoncontrollingInterest,,usd,1.0
0,us-gaap:NetCashProvidedByUsedInOperatingActivities,Cash Flow Statement,Operating Cash Flow,False,True,,,,usd,
0,us-gaap:NetCashProvidedByUsedInOperatingActivitiesContinuingOperations,Cash Flow Statement,Operating Cash Flow,False,True,,,,usd,
0,us-gaap:NetCashProvidedByUsedInInvestingActivities,Cash Flow Statement,Investing Cash Flow,False,True,,,,usd,
0,us-gaap:NetCashProvidedByUsedInInvestingActivitiesContinuingOperations,Cash Flow Statement,Investing Cash Flow,False,True,,,,usd,
0,us-gaap:NetCashProvidedByUsedInFinancingActivities,Cash Flow Statement,Financing Cash Flow,False,True,,,,usd,
0,us-gaap:NetCashProvidedByUsedInFinancingActivitiesContinuingOperations,Cash Flow Statement,Financing Cash Flow,False,True,,,,usd,
0,us-gaap:FreeCashFlow,Cash Flow Statement,Free Cash Flow,False,True,,,,usd,
0,us-gaap:EarningsPerShareBasic,Income Statement,Basic EPS,False,True,,,,usdPerShare,
0,us-gaap:EarningsPerShareDiluted,Income Statement,Diluted EPS,False,True,,,,usdPerShare,
0,us-gaap:CommonStockDividendsPerShareDeclared,Income Statement,Cash Dividends Per Share,False,True,,,,usdPerShare,
0,us-gaap:LongTermDebt,Balance Sheet,Long-term Debt,False,True,,,,usd,
0,us-gaap:ShortTermBorrowings,Balance Sheet,Short-term Debt,False,True,,,,usd,
0,us-gaap:ShortTermDebt,Balance Sheet,Short-term Debt,False,True,,,,usd,
0,us-gaap:MarketableSecuritiesCurrent,Balance Sheet,Current Marketable Securities,False,True,us-gaap:AssetsCurrentAbstract,us-gaap:AssetsCurrent,,usd,1.0
0,us-gaap:AvailableForSaleSecuritiesCurrent,Balance Sheet,Current Marketable Securities,False,True,us-gaap:AssetsCurrentAbstract,us-gaap:AssetsCurrent,,usd,1.0
0,us-gaap:AvailableForSaleSecuritiesNoncurrent,Balance Sheet,Non-current Marketable Securities,False,True,,,,usd,
0,us-gaap:AvailableForSaleSecuritiesDebtSecuritiesNoncurrent,Balance Sheet,Non-current Marketable Securities,False,True,,,,usd,
0,us-gaap:DeferredRevenueCurrent,Balance Sheet,Deferred Revenue,False,True,,,,usd,
0,us-gaap:ContractWithCustomerLiabilityCurrent,Balance Sheet,Deferred Revenue,False,True,,,,usd,
0,us-gaap:ProceedsFromPaymentsForOtherFinancingActivities,Cash Flow Statement,Other Financing Activities,False,True,,,,usd,
0,us-gaap:PaymentsForProceedsFromOtherInvestingActivities,Cash Flow Statement,Other Investing Activities,False,True,,,,usd,
0,us-gaap:OtherNoncashIncomeExpense,Cash Flow Statement,Other Income Expenses,False,True,,,,usd,
0,us-gaap:Revenues,Income Statement,Revenue,False,True,,,,usd,
0,us-gaap:AssetsNoncurrentAbstract,Balance Sheet,Non-current Assets,True,True,us-gaap:AssetsAbstract,,,,
0,us-gaap:Goodwill,Balance Sheet,Goodwill,False,True,us-gaap:AssetsNoncurrentAbstract,us-gaap:AssetsNoncurrent,,usd,1.0
0,us-gaap:IntangibleAssetsNetExcludingGoodwill,Balance Sheet,Intangible Assets Excluding Goodwill,False,True,us-gaap:AssetsNoncurrentAbstract,us-gaap:AssetsNoncurrent,,usd,1.0
0,us-gaap:LongTermDebtNoncurrent,Balance Sheet,Long-term Debt,False,True,,us-gaap:LiabilitiesNoncurrent,,usd,1.0
0,us-gaap:DeferredRevenueNoncurrent,Balance Sheet,Deferred Revenue Non-current,False,True,,us-gaap:LiabilitiesNoncurrent,,usd,1.0
0,us-gaap:LiabilitiesAndStockholdersEquityAbstract,Balance Sheet,Liabilities and Shareholders' Equity,True,True,,,,,
0,us-gaap:LiabilitiesAndStockholdersEquity,Balance Sheet,"Total liabilities, redeemable non-controlling interests and equity",False,True,us-gaap:LiabilitiesAndStockholdersEquityAbstract,,"BS total; parent for Liabilities, mezzanine NCI, and equity",usd,
0,us-gaap:NonredeemableNoncontrollingInterest,Balance Sheet,Non-redeemable non-controlling interests,False,True,,us-gaap:StockholdersEquityIncludingPortionAttributableToNoncontrollingInterest,Under inclusive equity subtotal,usd,1.0
0,us-gaap:RedeemableNoncontrollingInterestEquityCarryingAmount,Balance Sheet,Redeemable non-controlling interests,False,True,,us-gaap:LiabilitiesAndStockholdersEquity,Mezzanine under L+mezz+equity total,usd,1.0
0,us-gaap:LiabilitiesCurrentAbstract,Balance Sheet,Current liabilities,True,True,us-gaap:LiabilitiesAndStockholdersEquityAbstract,,,,
0,us-gaap:AccountsPayable,Balance Sheet,Accounts Payable,False,True,us-gaap:LiabilitiesCurrentAbstract,us-gaap:LiabilitiesCurrent,,usd,1.0
0,us-gaap:AccountsPayableCurrent,Balance Sheet,Accounts Payable,False,True,us-gaap:LiabilitiesCurrentAbstract,us-gaap:LiabilitiesCurrent,,usd,1.0
0,us-gaap:AssetsCurrent,Balance Sheet,Total Current Assets,False,True,us-gaap:AssetsCurrentAbstract,us-gaap:Assets,,usd,1.0
0,us-gaap:AssetsNoncurrent,Balance Sheet,Total Non Current Assets,False,True,us-gaap:AssetsNoncurrentAbstract,us-gaap:Assets,,usd,1.0
0,us-gaap:LiabilitiesCurrent,Balance Sheet,Total Current Liabilities,False,True,us-gaap:LiabilitiesCurrentAbstract,us-gaap:Liabilities,,usd,1.0
0,us-gaap:OperatingExpenses,Income Statement,Operating Expenses,False,True,,,,usd,
0,us-gaap:StockholdersEquity,Balance Sheet,Total Equity,False,True,,us-gaap:StockholdersEquityIncludingPortionAttributableToNoncontrollingInterest,Uber/parent equity under inclusive equity subtotal,usd,1.0
0,us-gaap:MarketableSecuritiesNoncurrent,Balance Sheet,Non-current Marketable Securities,False,True,us-gaap:AssetsNoncurrentAbstract,us-gaap:AssetsNoncurrent,,usd,1.0
0,us-gaap:PropertyPlantAndEquipmentNet,Balance Sheet,"Property, Plant and Equipment",False,True,us-gaap:AssetsNoncurrentAbstract,us-gaap:AssetsNoncurrent,,usd,1.0
0,us-gaap:OtherAssetsNoncurrent,Balance Sheet,Other Non Current Assets,False,True,us-gaap:AssetsNoncurrentAbstract,us-gaap:AssetsNoncurrent,,usd,1.0
0,us-gaap:AssetsAbstract,Balance Sheet,Assets,True,True,,,,,
0,us-gaap:AssetsCurrentAbstract,Balance Sheet,Current Assets,True,True,us-gaap:AssetsAbstract,,Section header parallel to Non-current Assets,,
0,us-gaap:PrepaidExpenseAndOtherAssetsCurrent,Balance Sheet,Prepaid expenses and other current assets,False,True,us-gaap:AssetsCurrentAbstract,us-gaap:AssetsCurrent,,usd,1.0
0,us-gaap:SalesRevenueNet,Income Statement,Revenue,False,True,,,,usd,
0,us-gaap:RevenueFromContractWithCustomerExcludingAssessedTax,Income Statement,Revenue,False,True,,,,usd,
5,us-gaap:NetIncomeLossAvailableToCommonStockholdersBasic,Income Statement,Net income attributable to common stockholders,False,False,,,,usd,
2,us-gaap:AdvertisingRevenue,Income Statement,Revenue,False,False,,,,usd,
0,us-gaap:CostOfGoodsAndServicesSold,Income Statement,Cost of Revenue,False,True,,,,usd,
0,us-gaap:CostOfRevenue,Income Statement,Cost of Revenue,False,True,,,,usd,
0,us-gaap:CostOfGoodsSold,Income Statement,Cost of Revenue,False,True,,,,usd,
0,us-gaap:GrossProfit,Income Statement,Gross Profit,False,True,,,,usd,
0,us-gaap:GrossProfitLoss,Income Statement,Gross Profit,False,True,,,,usd,
0,us-gaap:OperatingIncomeLoss,Income Statement,Operating Income,False,True,,,,usd,
0,us-gaap:IncomeLossFromContinuingOperationsBeforeIncomeTaxes,Income Statement,Operating Income,False,True,,,,usd,
0,us-gaap:RevenueFromContractWithCustomerIncludingAssessedTax,Income Statement,Revenue,False,True,,,,usd,
5,us-gaap:NetIncomeLossAvailableToCommonStockholdersBasic,Comprehensive Income,Net income attributable to common stockholders,False,False,,,,usd,
0,us-gaap:OperatingRevenues,Income Statement,Revenue,False,True,,,,usd,
0,us-gaap:AccountsReceivableNetCurrent,Balance Sheet,"Accounts receivable, net",False,True,us-gaap:AssetsCurrentAbstract,us-gaap:AssetsCurrent,,usd,1.0
0,us-gaap:CommonStockIncludingAdditionalPaidInCapital,Balance Sheet,Common stock and paid-in capital,False,True,,,Merged singular/plural US-GAAP rename; strip share-count suffix from labels,usd,
0,us-gaap:CommonStocksIncludingAdditionalPaidInCapital,Balance Sheet,Common stock and paid-in capital,False,True,,,Merged singular/plural US-GAAP rename; strip share-count suffix from labels,usd,
0,us-gaap:StockIssuedDuringPeriodValueShareBasedCompensation,Statement of Equity,Stock-based compensation expense,False,True,,,Exact comparative bridge to Adjustments...RequisiteServicePeriod rejected by false_matches (FY2010),usd,
0,us-gaap:StockIssuedDuringPeriodValueShareBasedCompensation,Comprehensive Income,Stock-based compensation expense,False,True,,,Exact comparative bridge to Adjustments...RequisiteServicePeriod rejected by false_matches (FY2010),usd,
0,us-gaap:AdjustmentsToAdditionalPaidInCapitalSharebasedCompensationRequisiteServicePeriodRecognitionValue,Statement of Equity,Stock-based compensation expense,False,True,,,,usd,
0,us-gaap:AdjustmentsToAdditionalPaidInCapitalSharebasedCompensationRequisiteServicePeriodRecognitionValue,Comprehensive Income,Stock-based compensation expense,False,True,,,,usd,
0,us-gaap:AdjustmentsToAdditionalPaidInCapitalTaxEffectFromShareBasedCompensation,Statement of Equity,Stock-based compensation income tax benefits,False,True,,,Pre-2011 concept wrongly labeled Income Tax Expense; renamed to AdjustmentTo...Net,usd,
0,us-gaap:AdjustmentsToAdditionalPaidInCapitalTaxEffectFromShareBasedCompensation,Comprehensive Income,Stock-based compensation income tax benefits,False,True,,,Pre-2011 concept wrongly labeled Income Tax Expense; renamed to AdjustmentTo...Net,usd,
0,us-gaap:AdjustmentToAdditionalPaidInCapitalIncomeTaxEffectFromShareBasedCompensationNet,Statement of Equity,Stock-based compensation income tax benefits,False,True,,,Unify benefits/deficiencies labels across periods,usd,
0,us-gaap:AdjustmentToAdditionalPaidInCapitalIncomeTaxEffectFromShareBasedCompensationNet,Comprehensive Income,Stock-based compensation income tax benefits,False,True,,,Unify benefits/deficiencies labels across periods,usd,
4,msft:AdjustmentsToAdditionalPaidInCapitalIncomeTaxEffectFromShareBasedCompensationNet,Statement of Equity,Stock-based compensation income tax benefits,False,False,,,MSFT-local concept bridged exactly across form types to us-gaap:AdjustmentTo...Net,usd,
4,msft:AdjustmentsToAdditionalPaidInCapitalIncomeTaxEffectFromShareBasedCompensationNet,Comprehensive Income,Stock-based compensation income tax benefits,False,False,,,MSFT-local concept bridged exactly across form types to us-gaap:AdjustmentTo...Net,usd,
0,us-gaap:ShortTermInvestments,Balance Sheet,Current Marketable Securities,False,True,us-gaap:AssetsCurrentAbstract,us-gaap:AssetsCurrent,,usd,1.0
0,us-gaap:OtherComprehensiveIncomeLossNetOfTaxPeriodIncreaseDecreaseAbstract,Comprehensive Income,Other comprehensive income,True,True,,,,,
0,us-gaap:OtherComprehensiveIncomeLossNetOfTaxPeriodIncreaseDecreaseAbstract,Statement of Equity,Other comprehensive income,True,True,,,,,
0,us-gaap:RetainedEarningsAccumulatedDeficit,Balance Sheet,Retained earnings,False,True,,,Strip AOCI dollar amounts from labels,usd,
4,msft:RetainedEarningsAccumulatedDeficitAndAccumulatedOtherComprehensiveIncomeLossNetOfTax,Balance Sheet,Retained earnings,False,False,,,MSFT combined retained+AOCI concept; same line as RetainedEarningsAccumulatedDeficit,usd,
0,us-gaap:ProceedsFromRepaymentsOfShortTermDebtMaturingInThreeMonthsOrLess,Cash Flow Statement,"Proceeds from issuance (repayments) of short-term debt, maturities of 90 days or less, net",False,True,,,Prevent chaining from absorbing unrelated debt-payment concepts,usd,
0,us-gaap:PaymentsOfDebtExtinguishmentCosts,Cash Flow Statement,Payments of debt extinguishment costs,False,True,,,Was falsely chained into short-term debt proceeds,usd,
0,us-gaap:PaymentsOfDebtRestructuringCosts,Cash Flow Statement,Payments of debt restructuring costs,False,True,,,Was falsely chained into short-term debt proceeds,usd,
0,us-gaap:CommonStockValue,Balance Sheet,Common stock,False,True,,,Strip share-count / par-value suffix from labels,usd,
6,us-gaap:AssetsAbstract,Balance Sheet,Assets,True,False,,,UBER scaffold for company-scoped asset parents,,
6,us-gaap:AssetsCurrentAbstract,Balance Sheet,Current Assets,True,False,us-gaap:AssetsAbstract,,UBER scaffold for Current Assets abstract,,
6,us-gaap:Assets,Balance Sheet,Total Assets,False,False,,,UBER scaffold for company-scoped asset parents,usd,
6,us-gaap:AssetsNoncurrentAbstract,Balance Sheet,Non-current Assets,True,False,us-gaap:AssetsAbstract,,UBER scaffold for company-scoped asset parents,,
6,us-gaap:AssetsNoncurrent,Balance Sheet,Total Non Current Assets,False,False,us-gaap:AssetsNoncurrentAbstract,us-gaap:Assets,UBER scaffold; synthetic NC assets under Total Assets,usd,1.0
6,us-gaap:AssetsCurrent,Balance Sheet,Total Current Assets,False,False,us-gaap:AssetsCurrentAbstract,us-gaap:Assets,UBER scaffold; current assets under Total Assets,usd,1.0
6,us-gaap:LiabilitiesAndStockholdersEquityAbstract,Balance Sheet,Liabilities and Shareholders' Equity,True,False,,,UBER scaffold for company-scoped liability parents,,
6,us-gaap:LiabilitiesAndStockholdersEquity,Balance Sheet,"Total liabilities, redeemable non-controlling interests and equity",False,False,us-gaap:LiabilitiesAndStockholdersEquityAbstract,,UBER scaffold for equity/liability total parents,usd,
6,us-gaap:StockholdersEquityIncludingPortionAttributableToNoncontrollingInterest,Balance Sheet,Total Equity including NCI,False,False,,us-gaap:LiabilitiesAndStockholdersEquity,UBER scaffold; inclusive equity under L+mezz+equity,usd,1.0
6,us-gaap:StockholdersEquity,Balance Sheet,Total Equity,False,False,,us-gaap:StockholdersEquityIncludingPortionAttributableToNoncontrollingInterest,UBER scaffold; parent equity under inclusive equity,usd,1.0
6,us-gaap:Liabilities,Balance Sheet,Total Liabilities,False,False,,,UBER scaffold for company-scoped liability parents,usd,
6,us-gaap:LiabilitiesCurrentAbstract,Balance Sheet,Current liabilities,True,False,us-gaap:LiabilitiesAndStockholdersEquityAbstract,,UBER scaffold for company-scoped liability parents,,
6,us-gaap:LiabilitiesCurrent,Balance Sheet,Total Current Liabilities,False,False,us-gaap:LiabilitiesCurrentAbstract,us-gaap:Liabilities,UBER scaffold; current liabilities under Total Liabilities,usd,1.0
6,us-gaap:LiabilitiesNoncurrentAbstract,Balance Sheet,Non-current Liabilities,True,False,us-gaap:LiabilitiesAndStockholdersEquityAbstract,,UBER scaffold for company-scoped liability parents,,
6,us-gaap:LiabilitiesNoncurrent,Balance Sheet,Total Non Current Liabilities,False,False,us-gaap:LiabilitiesNoncurrentAbstract,us-gaap:Liabilities,UBER scaffold; synthetic NC liabilities under Total Liabilities,usd,1.0
6,us-gaap:CostOfGoodsAndServiceExcludingDepreciationDepletionAndAmortization,Income Statement,Cost of Revenue,False,False,,,Common tech/SaaS COGS concept (ex-D&A),usd,
6,us-gaap:NetIncomeLossAttributableToNoncontrollingInterest,Income Statement,Net income attributable to noncontrolling interests,False,False,,,Strip trailing net-of-tax phrase from labels,usd,
0,us-gaap:OtherComprehensiveIncomeLossNetOfTax,Comprehensive Income,Other comprehensive income,False,True,,,,usd,
6,us-gaap:RestrictedCashAndCashEquivalentsAtCarryingValue,Balance Sheet,Restricted cash and cash equivalents,False,False,us-gaap:AssetsCurrentAbstract,us-gaap:AssetsCurrent,Current restricted cash under Current Assets,usd,1.0
6,us-gaap:RestrictedCashAndCashEquivalentsNoncurrent,Balance Sheet,"Restricted cash and cash equivalents, noncurrent",False,False,us-gaap:AssetsNoncurrentAbstract,us-gaap:AssetsNoncurrent,Noncurrent restricted cash under Total Non Current Assets,usd,1.0
6,us-gaap:TemporaryEquityCarryingAmountAttributableToParent,Balance Sheet,Redeemable convertible preferred stock,False,False,,,Strip share-count / liquidation-preference suffix,usd,
6,uber:AccruedLiabilitiesAndOtherLiabilitiesCurrent,Balance Sheet,Accrued Liabilities,False,False,us-gaap:LiabilitiesCurrentAbstract,us-gaap:LiabilitiesCurrent,One-out-one-in successor to AccruedLiabilitiesCurrent; under Total Current Liabilities,usd,1.0
6,uber:OperationsAndSupportExpense,Income Statement,Operations and support,False,False,,,,usd,
6,uber:InsuranceReserveCurrent,Balance Sheet,Short-term insurance reserves,False,False,us-gaap:LiabilitiesCurrentAbstract,us-gaap:LiabilitiesCurrent,Short-term insurance reserves under Total Current Liabilities,usd,1.0
6,uber:InsuranceReserveNoncurrent,Balance Sheet,Long-term insurance reserves,False,False,us-gaap:LiabilitiesNoncurrentAbstract,us-gaap:LiabilitiesNoncurrent,Long-term insurance reserves under Total Non Current Liabilities,usd,1.0
0,us-gaap:ProceedsFromIssuanceOfLongTermDebt,Cash Flow Statement,Proceeds from issuance of long-term debt,False,True,,,Generic global label; UBER presentation is company-specific,usd,
6,us-gaap:ProceedsFromIssuanceOfSeniorLongTermDebt,Cash Flow Statement,"Issuance of term loan and notes, net of issuance costs",False,False,,,Same line as ProceedsFromIssuanceOfLongTermDebt (10-Q concept),usd,
0,us-gaap:RepaymentsOfLongTermDebt,Cash Flow Statement,Repayments of long-term debt,False,True,,,Generic global label; UBER presentation is company-specific,usd,
6,us-gaap:RepaymentsOfNotesPayable,Cash Flow Statement,Principal repayment on notes payable,False,False,,,Distinct from term-loan repayments; coexist in same periods,usd,
0,us-gaap:PaymentsToAcquireBusinessesNetOfCashAcquired,Cash Flow Statement,"Acquisition of businesses, net of cash acquired",False,True,,,Prevent acquisition label from absorbing unrelated concepts,usd,
6,us-gaap:PaymentsToAcquireNotesReceivable,Cash Flow Statement,Purchases of notes receivable,False,False,,,Was falsely chained into debt proceeds,usd,
6,us-gaap:DisposalGroupNotDiscontinuedOperationGainLossOnDisposal,Cash Flow Statement,Gain on business divestitures,False,False,,,Was falsely chained into debt proceeds,usd,
0,us-gaap:AssetImpairmentCharges,Cash Flow Statement,Asset impairments,False,True,,,Generic label across MSFT and UBER,usd,
6,us-gaap:GainOnSaleOfInvestments,Cash Flow Statement,Gain from sale of investments,False,False,,,Was falsely chained into acquisition payments,usd,
6,us-gaap:LossOnSaleOfInvestments,Cash Flow Statement,Loss from sale of investments,False,False,,,Was falsely chained into acquisition payments,usd,
6,us-gaap:PaymentsForDerivativeInstrumentFinancingActivities,Cash Flow Statement,Purchase of Capped Calls,False,False,,,Prevent capped-call label from absorbing impairments,usd,
6,us-gaap:RestrictedInvestments,Balance Sheet,Restricted investments,False,False,us-gaap:AssetsNoncurrentAbstract,us-gaap:AssetsNoncurrent,Prevent restricted-investments label pollution; under Total Non Current Assets,usd,1.0
6,us-gaap:AssetsOfDisposalGroupIncludingDiscontinuedOperationCurrent,Balance Sheet,Assets held for sale,False,False,us-gaap:AssetsCurrentAbstract,us-gaap:AssetsCurrent,Assets held for sale under Current Assets,usd,1.0
6,uber:IncreaseDecreaseFundsHeldByInsurers,Cash Flow Statement,Collateral held by insurer,False,False,,,Was falsely chained into debt proceeds,usd,
6,uber:FundsHeldByInsurer,Balance Sheet,Collateral held by insurer,False,False,us-gaap:AssetsNoncurrentAbstract,us-gaap:AssetsNoncurrent,Was falsely chained into Restricted investments; under Total Non Current Assets,usd,1.0
6,uber:MarketableandNonMarketableInvestments,Balance Sheet,Investments,False,False,us-gaap:AssetsNoncurrentAbstract,us-gaap:AssetsNoncurrent,Strip amortized-cost parentheticals; under Total Non Current Assets,usd,1.0
6,uber:ImpairmentLossDebtAndEquitySecuritiesAvailableForSale,Cash Flow Statement,Impairment of debt and equity securities,False,False,,,Was falsely chained into Purchase of Capped Calls,usd,
6,uber:AssetImpairmentChargesExcludingEquityMethodInvestments,Cash Flow Statement,Asset impairment charges,False,False,,,Was falsely chained into acquisition payments,usd,
6,uber:IncreaseDecreaseinOperatingLeaseLiabilities,Cash Flow Statement,Operating lease liabilities,False,False,,,Typo casing variant; merge with IncreaseDecreaseInOperatingLeaseLiabilities,usd,
6,uber:IncreaseDecreaseInOperatingLeaseLiabilities,Cash Flow Statement,Operating lease liabilities,False,False,,,Merge with us-gaap:IncreaseDecreaseInOperatingLeaseLiability,usd,
6,us-gaap:IncreaseDecreaseInOperatingLeaseLiability,Cash Flow Statement,Operating lease liabilities,False,False,,,Successor to uber:IncreaseDecreaseInOperatingLeaseLiabilities,usd,
6,us-gaap:EmbeddedDerivativeGainLossOnEmbeddedDerivativeNet,Cash Flow Statement,Revaluation of derivative liabilities,False,False,,,Was falsely chained into Collateral held by insurer,usd,
6,us-gaap:GainsLossesOnExtinguishmentOfDebt,Cash Flow Statement,Gain on extinguishment of debt,False,False,,,Was falsely chained into Collateral held by insurer,usd,
6,us-gaap:ProceedsFromDivestitureOfBusinessesNetOfCashDivested,Cash Flow Statement,Proceeds from business divestiture,False,False,,,Was falsely chained into Collateral held by insurer,usd,
0,us-gaap:PaymentsForRepurchaseOfCommonStock,Cash Flow Statement,Repurchases of common stock,False,True,,,Prevent repurchase label from absorbing impairments,usd,
6,us-gaap:ImpairmentOfInvestments,Cash Flow Statement,Impairment of debt and equity securities,False,False,,,Was falsely chained into Repurchases of common stock,usd,
6,us-gaap:EquityMethodInvestmentOtherThanTemporaryImpairment,Cash Flow Statement,Impairment of equity method investment,False,False,,,Was falsely chained into Repurchases of common stock,usd,
6,us-gaap:LiabilitiesOfDisposalGroupIncludingDiscontinuedOperationCurrent,Balance Sheet,Liabilities held for sale,False,False,us-gaap:LiabilitiesCurrentAbstract,us-gaap:LiabilitiesCurrent,Liabilities held for sale under Total Current Liabilities,usd,1.0
6,uber:MarketableAndNonMarketableInvestments,Balance Sheet,Investments,False,False,us-gaap:AssetsNoncurrentAbstract,us-gaap:AssetsNoncurrent,Casing successor; under Total Non Current Assets,usd,1.0
6,us-gaap:ImpairmentOfLongLivedAssetsToBeDisposedOf,Cash Flow Statement,Impairment on long-lived assets held for sale,False,False,,,Was falsely chained into Collateral held by insurer,usd,
6,us-gaap:ProceedsFromIssuanceOfPreferredStockAndPreferenceStock,Cash Flow Statement,Proceeds from issuance of preferred stock,False,False,,,Was falsely chained into Collateral held by insurer,usd,
6,uber:RevaluationOnCallOption,Cash Flow Statement,Revaluation of call option,False,False,,,Was falsely chained into Repurchases of common stock,usd,
6,us-gaap:ProceedsFromEquityMethodInvestmentDividendsOrDistributionsReturnOfCapital,Cash Flow Statement,Return of capital from equity method investee,False,False,,,Was falsely chained into Repurchases of common stock,usd,
6,us-gaap:ProceedsFromDivestitureOfBusinesses,Cash Flow Statement,Proceeds from business divestiture,False,False,,,Was falsely chained into Repurchases of common stock,usd,
6,uber:ProceedsFromIssuanceAndSaleOfSubsidiaryStockUnits,Cash Flow Statement,Proceeds from issuance and sale of subsidiary stock units,False,False,,,Was falsely chained into Repurchases of common stock,usd,
6,us-gaap:ProceedsFromMinorityShareholders,Cash Flow Statement,Proceeds from minority shareholders,False,False,,,Was falsely chained into Repurchases of common stock,usd,
6,us-gaap:FairValueAdjustmentOfWarrants,Cash Flow Statement,Fair value adjustment of warrants,False,False,,,Was falsely chained into Collateral held by insurer,usd,
0,us-gaap:PaymentsToAcquireAvailableForSaleSecuritiesDebt,Cash Flow Statement,Purchases of marketable securities,False,True,,,False-chain group break (UBER IPO-era CFS),usd,
0,us-gaap:PaymentsRelatedToTaxWithholdingForShareBasedCompensation,Cash Flow Statement,Taxes paid related to net share settlement of equity awards,False,True,,,False-chain group break (UBER IPO-era CFS),usd,
6,us-gaap:ProceedsFromIssuanceOfPrivatePlacement,Cash Flow Statement,Proceeds from issuance of common stock related to private placement,False,False,,,False-chain group break (UBER IPO-era CFS),usd,
6,us-gaap:ProceedsFromIssuanceInitialPublicOffering,Cash Flow Statement,"Proceeds from issuance of common stock upon IPO, net of offering costs",False,False,,,False-chain group break (UBER IPO-era CFS),usd,
6,us-gaap:RepaymentsOfLinesOfCredit,Cash Flow Statement,Principal repayment on revolving lines of credit,False,False,,,False-chain group break (UBER IPO-era CFS),usd,
6,us-gaap:PaidInKindInterest,Cash Flow Statement,Payment-in-kind interest,False,False,,,False-chain group break (UBER IPO-era CFS),usd,
6,us-gaap:PaymentsToAcquireEquityMethodInvestments,Cash Flow Statement,Purchase of equity method investments,False,False,,,False-chain group break (UBER IPO-era CFS),usd,
6,us-gaap:ProceedsFromIssuanceOfRedeemableConvertiblePreferredStock,Cash Flow Statement,"Proceeds from issuance of redeemable convertible preferred stock, net of issuance costs",False,False,,,False-chain group break (UBER IPO-era CFS),usd,
6,us-gaap:PaymentsForRepurchaseOfEquity,Cash Flow Statement,Repurchase of outstanding shares,False,False,,,False-chain group break (UBER IPO-era CFS),usd,
0,us-gaap:PaymentsToAcquireIntangibleAssets,Cash Flow Statement,Purchase of intangible assets,False,True,,,False-chain group break (UBER IPO-era CFS),usd,
6,us-gaap:ProceedsFromLinesOfCredit,Cash Flow Statement,Proceeds from revolving lines of credit,False,False,,,False-chain group break (UBER IPO-era CFS),usd,
6,uber:ProceedsFromSaleOfNonMarketableEquitySecurities,Cash Flow Statement,Proceeds from sale of non-marketable equity securities,False,False,,,False-chain group break,usd,
6,uber:ProceedsFromDissolutionOfJointVentureAndSubsequentProceeds,Cash Flow Statement,Dissolution of joint venture and subsequent proceeds,False,False,,,False-chain group break,usd,
6,uber:RepurchaseofStockSubjectToPutOption,Cash Flow Statement,Repurchase of stock subject to put options,False,False,,,False-chain group break,usd,
6,uber:PaymentsToAcquireDebtSecuritiesNotReadilyMarketable,Cash Flow Statement,Purchase of non-marketable debt securities,False,False,,,False-chain group break,usd,
6,us-gaap:ProceedsFromIssuanceOfLongTermDebt,Cash Flow Statement,"Issuance of term loan and notes, net of issuance costs",False,False,,,UBER-specific 10-K presentation; merges with senior long-term debt concept,usd,
6,us-gaap:RepaymentsOfLongTermDebt,Cash Flow Statement,Principal repayment on term loan and notes,False,False,,,UBER-specific presentation,usd,
0,us-gaap:EquityMethodInvestments,Balance Sheet,Equity method investments,False,True,us-gaap:AssetsNoncurrentAbstract,us-gaap:AssetsNoncurrent,,usd,1.0
6,us-gaap:PropertyPlantAndEquipmentAndFinanceLeaseRightOfUseAssetAfterAccumulatedDepreciationAndAmortization,Balance Sheet,"Property, Plant and Equipment",False,False,us-gaap:AssetsNoncurrentAbstract,us-gaap:AssetsNoncurrent,Long-form PPE under Total Non Current Assets,usd,1.0
